,date,ticker,TWEET
0,2021-08-22 06:56:39,TSM,@davidstocktrade $TSM is now sitting dead on support after the recent decline.  This stock needs to hold $107 support level next few days otherwise likely heading towards $100 or lower  https://t.co/p5RK5dKg5I
1,2021-08-20 22:37:46,FB,Anyone recall when $FB came public?  There was a lot of buzz around the IPO. It was met with both love &amp; hate. First few days started off being a disaster and even tanked after reporting 1st earnings report as public company.  Wonder if in a few years $HOOD gets a similar fate?  https://t.co/vnIPkhI4fb
2,2021-08-20 22:37:46,HOOD,Anyone recall when $FB came public?  There was a lot of buzz around the IPO. It was met with both love &amp; hate. First few days started off being a disaster and even tanked after reporting 1st earnings report as public company.  Wonder if in a few years $HOOD gets a similar fate?  https://t.co/vnIPkhI4fb
3,2021-08-18 22:47:29,HOOD,"If $HOOD wasn't reporting earnings after the close today, the stock looks to be setting up quite nicely here coming out of this wedge breakout.  Will be very interesting to see how this plays out. On PEG watch...  https://t.co/oygdL2HeTI"
4,2021-08-14 00:40:12,NVAX,$NVAX .... good relative strength into the close  https://t.co/kaUoxtfTlX
5,2021-08-13 22:03:12,AMD,$AMD finding some bids and standing out today in what is otherwise a weak tape...  https://t.co/D8ShsKIZ25
6,2021-08-13 00:14:27,NVAX,$NVAX ... starting to like what this stock is doing here...  Accumulation Volume patterns have been building in the stock last few days as it approaches some resistance.  First Targets: $300 to $330  https://t.co/QVnVErmtX1
7,2021-08-12 21:15:26,INO,$INO is quite speculative and volatile name but from a purely technical standpoint... this one appears to be trying to put in a bottom  https://t.co/j8RCtAqeSX
8,2021-08-21 06:11:19,LOKB,"üì¢ $LOKB - Navitas deadline extension  $LOKB Extends Tender Offer Related to Business Combination with Navitas Until 11:59 p.m., üóìÔ∏èSeptember 17, 2021    https://t.co/Ao70vo8PRq"
9,2021-08-21 06:11:19,LOKB,"üì¢ $LOKB - Navitas deadline extension  $LOKB Extends Tender Offer Related to Business Combination with Navitas Until 11:59 p.m., üóìÔ∏èSeptember 17, 2021    https://t.co/Ao70vo8PRq"
10,2021-08-20 19:27:09,MUDS,‚ùå $MUDS announces termination of merger agreement with Topps    https://t.co/mASyppkwXj
11,2021-08-20 19:24:52,STEM,"üì¢ $STEM warrant redemption  Stem Issues Notice of Redemption for Public Warrants  The last day of trading will be the immediately preceding trading day, which is expected to beüóìÔ∏èFriday, September 17, 2021.   https://t.co/rlwm8PnvNP"
12,2021-08-20 04:23:46,THCA,@iknowYo04120480 @ajitosu $THCA has an upcoming meeting on September 28 to extend the deadline    https://t.co/WvsbpRjzpY
13,2021-08-19 02:12:27,NGAC,"üèÅ $NGAC - Xos  ‚úÖNextGen Acquisition Corporation Shareholders Approve Business Combination with Xos  $NGAC üîú $XOS üóìÔ∏èAugust 20, 2021   https://t.co/HqgGruhZ9M"
14,2021-08-19 02:12:27,NGAC,"üèÅ $NGAC - Xos  ‚úÖNextGen Acquisition Corporation Shareholders Approve Business Combination with Xos  $NGAC üîú $XOS üóìÔ∏èAugust 20, 2021   https://t.co/HqgGruhZ9M"
15,2021-08-19 02:12:27,XOS,"üèÅ $NGAC - Xos  ‚úÖNextGen Acquisition Corporation Shareholders Approve Business Combination with Xos  $NGAC üîú $XOS üóìÔ∏èAugust 20, 2021   https://t.co/HqgGruhZ9M"
16,2021-08-19 01:58:52,ACIC,"üì¢ $ACIC - Archer meeting to approve merger  üóìÔ∏èSeptember 14, 2021    https://t.co/ujSuiwWRYa"
17,2021-08-18 17:29:06,INDI,George Soros' latest investments include two deSPACs: $INDI and $OPEN  His current holdings: $OPEN $28M $INDI $23M   https://t.co/ob03yLHJWn
18,2021-08-18 17:29:06,OPEN,George Soros' latest investments include two deSPACs: $INDI and $OPEN  His current holdings: $OPEN $28M $INDI $23M   https://t.co/ob03yLHJWn
19,2021-08-18 17:29:06,OPEN,George Soros' latest investments include two deSPACs: $INDI and $OPEN  His current holdings: $OPEN $28M $INDI $23M   https://t.co/ob03yLHJWn
20,2021-08-18 17:29:06,INDI,George Soros' latest investments include two deSPACs: $INDI and $OPEN  His current holdings: $OPEN $28M $INDI $23M   https://t.co/ob03yLHJWn
21,2021-08-18 17:15:11,ADF,"üì¢ $ADF entered into a definitive agreement with Hagerty, automotive insurance platform.   üíµPro forma enterprise value of $3.13B  Press release:  https://t.co/txCMvU42pd  https://t.co/WdeUHoT6HD"
22,2021-08-12 01:38:14,NBA,"üèÅ $NBA - Airspan Networks  ‚úÖ $NBA Stockholders Approve Business Combination with Airspan Networks Inc.  üóìÔ∏èExpected close: August 13, 2021   $NBA üîú $MIMO    https://t.co/OT5oIv3XEn"
23,2021-08-12 01:38:14,NBA,"üèÅ $NBA - Airspan Networks  ‚úÖ $NBA Stockholders Approve Business Combination with Airspan Networks Inc.  üóìÔ∏èExpected close: August 13, 2021   $NBA üîú $MIMO    https://t.co/OT5oIv3XEn"
24,2021-08-12 01:38:14,NBA,"üèÅ $NBA - Airspan Networks  ‚úÖ $NBA Stockholders Approve Business Combination with Airspan Networks Inc.  üóìÔ∏èExpected close: August 13, 2021   $NBA üîú $MIMO    https://t.co/OT5oIv3XEn"
25,2021-08-12 01:38:14,MIMO,"üèÅ $NBA - Airspan Networks  ‚úÖ $NBA Stockholders Approve Business Combination with Airspan Networks Inc.  üóìÔ∏èExpected close: August 13, 2021   $NBA üîú $MIMO    https://t.co/OT5oIv3XEn"
26,2021-08-10 22:28:18,ROSS,üì¢ $ROSS is in talks with Gan Systems. producer of Gallium Nitride high power switching diodes and transistors for clean tech power conversion applications.   https://t.co/FVqNTmVR56
27,2021-08-10 15:43:49,ASAX,üì¢ $ASAX entered into a definitive agreement with HotelPlanner +  https://t.co/E6LqqIPQFI  üíµEnterprise value $567M  The combined company will keep the HotelPlanner name after consummation.   $ASAX üîú $HOTP   https://t.co/uC52OQ5ixU
28,2021-08-10 15:43:49,ASAX,üì¢ $ASAX entered into a definitive agreement with HotelPlanner +  https://t.co/E6LqqIPQFI  üíµEnterprise value $567M  The combined company will keep the HotelPlanner name after consummation.   $ASAX üîú $HOTP   https://t.co/uC52OQ5ixU
29,2021-08-10 15:43:49,HOTP,üì¢ $ASAX entered into a definitive agreement with HotelPlanner +  https://t.co/E6LqqIPQFI  üíµEnterprise value $567M  The combined company will keep the HotelPlanner name after consummation.   $ASAX üîú $HOTP   https://t.co/uC52OQ5ixU
30,2021-08-06 16:37:50,CMLT,$CMLT entered into a definitive agreement with EQRx  üíµEnterprise value of $3.65B  The transaction is expected to provide up to $1.8B in cash proceeds to EQRx    https://t.co/8oD1V1NivL
31,2021-08-05 21:39:44,PDAC,"üèÅ $PDAC - Li-cycle   $PDAC Announces Shareholder Approval of Business Combination with Li-Cycle Corp. with Minimal Redemptions   üìå11% of the total shares being redeemed  $PDAC üîú $LICY üóìÔ∏èAugust 10, 2021   https://t.co/Eyo6e89nVg"
32,2021-08-05 21:39:44,PDAC,"üèÅ $PDAC - Li-cycle   $PDAC Announces Shareholder Approval of Business Combination with Li-Cycle Corp. with Minimal Redemptions   üìå11% of the total shares being redeemed  $PDAC üîú $LICY üóìÔ∏èAugust 10, 2021   https://t.co/Eyo6e89nVg"
33,2021-08-05 21:39:44,PDAC,"üèÅ $PDAC - Li-cycle   $PDAC Announces Shareholder Approval of Business Combination with Li-Cycle Corp. with Minimal Redemptions   üìå11% of the total shares being redeemed  $PDAC üîú $LICY üóìÔ∏èAugust 10, 2021   https://t.co/Eyo6e89nVg"
34,2021-08-05 21:39:44,LICY,"üèÅ $PDAC - Li-cycle   $PDAC Announces Shareholder Approval of Business Combination with Li-Cycle Corp. with Minimal Redemptions   üìå11% of the total shares being redeemed  $PDAC üîú $LICY üóìÔ∏èAugust 10, 2021   https://t.co/Eyo6e89nVg"
35,2021-08-04 22:10:45,AN,$AN AutoNation kept the momentum  Adam is still adamant about the SELL rating.   $AN went from $60s to $110s during that 6-month period.  3/4  https://t.co/e2bzB1Dj0x
36,2021-08-04 22:10:45,AN,$AN AutoNation kept the momentum  Adam is still adamant about the SELL rating.   $AN went from $60s to $110s during that 6-month period.  3/4  https://t.co/e2bzB1Dj0x
37,2021-08-04 22:10:44,TSLA,"And he was pretty late to the $TSLA party üóëÔ∏è   As an analyst focusing on car industry, this is a pretty embarrassing performance üëá   2/4  https://t.co/uI5mBtILIH"
38,2021-08-04 22:10:43,MVST,Adam Jonas from Morgan Stanley started $MVST coverage at $6 price target.   Let's look at his performance in detail üëÄ  Same Adam Jonas gave a BUY rating to Fisker when it was trading at all time high at $28 $FSR üëá  1/4  https://t.co/79V6Ns7cyT
39,2021-08-04 22:10:43,FSR,Adam Jonas from Morgan Stanley started $MVST coverage at $6 price target.   Let's look at his performance in detail üëÄ  Same Adam Jonas gave a BUY rating to Fisker when it was trading at all time high at $28 $FSR üëá  1/4  https://t.co/79V6Ns7cyT
40,2021-08-03 23:08:10,SBII,"@Hereforthenew1 Can you check again? I'm seeing $SBII warrants up by +20%, should be todayüòÑ"
41,2021-08-03 23:04:39,SBII,"üì¢ $SBII is in talks with Hydrow, provider of a connected indoor rowing machines.   üíµDeal is valued at around $1B   https://t.co/KSD63hahrp"
42,2021-08-02 20:50:58,LCID,$LCID S-1 filed üëá
43,2021-08-02 20:18:18,SNPR,"üì¢ $SNPR Volta   Merger meeting announced  üóìÔ∏èAugust 25, 2021   https://t.co/7VTrGyrH9M"
44,2021-08-02 18:59:35,YSAC,üì¢ $YSAC entered into a definitive agreement with Sky Harbour LLC  üíµ$777M equity value   https://t.co/0F5q2wX7hp
45,2021-08-01 01:36:36,SKLZ,"@Ole87614752 True, but still affects the sentiment. Similar to price targets, they might not be on point or honest all the time, but they definitely affect the sentiment. There were also couple of lower price targets announced for $SKLZ in the last couple of weeks."
46,2021-08-01 01:33:04,SKLZ,"@Ole87614752 This is the expected process, nothing unusual. But for $SKLZ sentiment went south after ARK start selling"
47,2021-08-21 22:21:36,CHPT,All the #EV chargers in Central Park NYC are @ChargePointnet $CHPT. There are dozens of them.  https://t.co/KAZeRxcrAp
48,2021-08-20 19:36:45,NKLA,$NKLA
49,2021-08-20 19:36:04,PTRA,$PTRA
50,2021-08-20 19:30:08,MUDS,$MUDS
51,2021-08-20 18:18:12,MUDS,"MLB to part with Topps, strikes deal with Fanatics $MUDS  https://t.co/WxxdmwK353"
52,2021-08-20 18:05:53,MUDS,Fanatics strikes deal to become exclusive licensee for MLB cards. Not good for $MUDS  https://t.co/OUl8nwYFVG
53,2021-08-20 18:04:58,LCID,Is Lucid Preparing To Kick Off Of Air Dream Edition Deliveries? $LCID  https://t.co/CbOdPAUAyJ
54,2021-08-19 17:21:58,HGTY,Classic car insurer Hagerty to go public via SPAC in $3 billion deal. To be $HGTY  https://t.co/Gs83Eo8NgN
55,2021-08-19 17:20:49,SOFI,Daniel Loeb Hooks Up With SentinelOne and $SoFi in 2nd Quarter adds almost 29MM shares.   https://t.co/PUedWooGYM
56,2021-08-19 05:35:44,PTRA,@Spacul8r They have 3/4 of a billion in cash and same amount in back orders. They make products. I like $PTRA. Not advice. Just saying.  https://t.co/IOhysAhmDm
57,2021-08-19 00:04:02,SRNG,$SRNG / $DNA
58,2021-08-19 00:04:02,DNA,$SRNG / $DNA
59,2021-08-18 20:10:33,EVGO,EVgo launches new pricing plans and a rewards program $EVGO  https://t.co/xEWEgT30AF
60,2021-08-18 20:08:29,LCID,Lucid Group's (LCID) CEO Sets off a Wave of Speculation With His Jubilant Four-Fingered Gesture $LCID  https://t.co/lsVKhiigdb
61,2021-08-18 19:55:53,SOFI,SoFi Technologies: Why The Market Got It All Wrong (NASDAQ:SOFI) | Seeking Alpha $SOFI  https://t.co/i0gySy9gF8
62,2021-08-18 18:43:33,GOEV,EV startup Canoo is gearing up for production in Oklahoma factory $GOEV  https://t.co/shI9PE1GpZ
63,2021-08-17 04:21:42,PSTH,@Matt_A_Egan I posted another link. $PSTH
64,2021-08-17 04:11:16,PLTR,"Palantir Invests in More SPAC Companies, and Buys $51 Million in Gold Bars $PLTR  https://t.co/EoJHXf0fdQ"
65,2021-08-17 04:08:19,PTRA,Proterra Becomes Oversold (PTRA). No Shit! $PTRA. Added more today.   https://t.co/6cLoagxGoV
66,2021-08-16 21:54:08,PSFE,@HumbleandH Seems all the SPAC have been sold off. I like $PSFE long term. Hard to watch now
67,2021-08-16 20:48:10,DM,@HumbleandH Same with $DM
68,2021-08-16 20:37:33,SLCR,Donuts üç© $SLCR
69,2021-08-14 19:56:07,PTRA,Proterra and LG Energy Solution sign long-term battery cell supply agreement $PTRA  https://t.co/aXezv9iuOq
70,2021-08-17 18:48:11,RNW,@OfficialShawn @JulianKlymochko And yet since the DA all they have been doing is announcing positive long term agreements and accretive acquisitions. $RNW is the $NEE of India but buying at a valuation 10yrs ago.
71,2021-08-17 18:48:11,NEE,@OfficialShawn @JulianKlymochko And yet since the DA all they have been doing is announcing positive long term agreements and accretive acquisitions. $RNW is the $NEE of India but buying at a valuation 10yrs ago.
72,2021-08-17 18:46:31,RMGB,"@spacanpanman @JulianKlymochko $RMGB $RNW is not Romeo though and already has huge rev and very real long-lived valuable assets, and backed by Goldman Sachs. Lots of positive news since DA. Too many levered fast money hedge funds go in during this Q, tuck tailing."
73,2021-08-17 18:46:31,RNW,"@spacanpanman @JulianKlymochko $RMGB $RNW is not Romeo though and already has huge rev and very real long-lived valuable assets, and backed by Goldman Sachs. Lots of positive news since DA. Too many levered fast money hedge funds go in during this Q, tuck tailing."
74,2021-08-13 23:24:18,RMGB,"@Buy_N_Forget @Michaelrose102 Warrants are silly cheap, surprisingly, considering Renew‚Äôs current assets, growth &amp; leadership. No speculating on some futurist far-fetched spac widget with $RMGB, it is a high growth utility, the leader in the exact country growth oriented utility investors should be focused on"
75,2021-08-13 23:20:33,RMGB,"@Michaelrose102 @Buy_N_Forget Every spac merged, even the most garbage spac gets pushed through. Renew is high quality though. Not a spec maybe spac, it is a utility already lots rev + assets + growth. Big float, but likely bought by esg, India, utility etfs, &amp; big funds post merge. $RMGB is the $NEE of India"
76,2021-08-13 23:20:33,NEE,"@Michaelrose102 @Buy_N_Forget Every spac merged, even the most garbage spac gets pushed through. Renew is high quality though. Not a spec maybe spac, it is a utility already lots rev + assets + growth. Big float, but likely bought by esg, India, utility etfs, &amp; big funds post merge. $RMGB is the $NEE of India"
77,2021-08-11 02:35:10,RMGB,@Michaelrose102 @rob74301678 @ReNew_Power $RMGB Should be 20 to 30 a share within 12 months post merge. 40 to 70 by 2025
78,2021-08-10 22:29:36,SCPE,Like the market response so far to $SCPE with the merge &amp; lower float. Might be setting up for similar in $AHAC $HUMA with lower float after merge in two weeks. Maybe $RMGB as well though it is larger cap but Goldman will push it likely. All well priced deals with big upside
79,2021-08-10 22:29:36,AHAC,Like the market response so far to $SCPE with the merge &amp; lower float. Might be setting up for similar in $AHAC $HUMA with lower float after merge in two weeks. Maybe $RMGB as well though it is larger cap but Goldman will push it likely. All well priced deals with big upside
80,2021-08-10 22:29:36,HUMA,Like the market response so far to $SCPE with the merge &amp; lower float. Might be setting up for similar in $AHAC $HUMA with lower float after merge in two weeks. Maybe $RMGB as well though it is larger cap but Goldman will push it likely. All well priced deals with big upside
81,2021-08-10 22:29:36,RMGB,Like the market response so far to $SCPE with the merge &amp; lower float. Might be setting up for similar in $AHAC $HUMA with lower float after merge in two weeks. Maybe $RMGB as well though it is larger cap but Goldman will push it likely. All well priced deals with big upside
82,2021-08-10 22:24:25,SCPE,"@Plumpeo Market seems to like the $SCPE merge so far and since so many shares were already redeemed pre Apple awareness news, less shares in float and potentially less box shorting at unlock"
83,2021-08-10 22:06:02,RMGB,"$RMGB Renew Power to merge soon. One of the higher quality SPACs backed by Goldman. Largest renew power utility in India = great growth, easy to understand + implement business model. For those that like $STEM Renew has Climate Connect AI not talked about  https://t.co/pKhsFAVXMp"
84,2021-08-10 22:06:02,STEM,"$RMGB Renew Power to merge soon. One of the higher quality SPACs backed by Goldman. Largest renew power utility in India = great growth, easy to understand + implement business model. For those that like $STEM Renew has Climate Connect AI not talked about  https://t.co/pKhsFAVXMp"
85,2021-07-29 19:43:25,ASTS,"$ASTS good news, bad news. AST is now officially working with SpaceX so we can put the whole SpaceX Starlink as competition &amp; won‚Äôt work with AST to rest. But BW3 was scheduled for Oct-Dec 2021, but now Mar 2022, so a ~5 month push in final test &amp; phase 1 launch timelines = delay"
86,2021-07-21 06:04:20,GENI,"Sportradar was rumored to be valued at 10-12B for six months with IPO float, then 10B SPAC, then lose NFL &amp; all falls apart. $GENI when DMYD I had 25 PT on it, but now with NFL++ added, they are basically Sportradar &amp; more, so should be valued what Sportradar was rumored = $50-60"
87,2021-07-20 23:33:09,SOFI,@RonnieKStocks Bought initial position of $SOFI today as well
88,2021-08-20 21:38:54,VACQ,Bucking the trend...  Vector Acquisition Corp. $VACQ shareholders approve deal with @RocketLab with less than 3% of shareholder redeeming. A good vote.   https://t.co/er8Ar8chiS
89,2021-08-20 20:52:39,PSTH,"(1/2) Regarding $PSTH, this is what everyone is missing... $PSTH is saying they can't get a deal done with the lawsuit, so if you're holding the share or warrant, @BillAckman is telling you the lawsuit tie him up long enough that he'll have to liquidate. What he's proposing"
90,2021-08-20 20:52:39,PSTH,"(1/2) Regarding $PSTH, this is what everyone is missing... $PSTH is saying they can't get a deal done with the lawsuit, so if you're holding the share or warrant, @BillAckman is telling you the lawsuit tie him up long enough that he'll have to liquidate. What he's proposing"
91,2021-08-20 20:36:01,PSTH,"If you didn't catch it, @BillAckman is still seeking a SPARC structure and if approved, he will return everyone's $PSTH cash and issue you a warrant for the future SPARC. You can read it in the letter he posted on his website.   https://t.co/X7g7PpQrJJ"
92,2021-08-20 18:26:46,SV,And.....  Spring Valley $SV announced they have postponed their shareholder vote schedule for today to August 30th.   https://t.co/JzAF3gvruM
93,2021-08-20 18:06:07,CAHC,Active morning...  CA Healthcare Acquisition Corp. $CAHC recuts deal with LumiraDx.  Slashes valuation by 40%   https://t.co/58gQH7Hn4p
94,2021-08-20 17:05:52,MUDS,"Mudrick II $MUDS terminates deal with Topps!  Their vote was scheduled for Wednesday, August 25th, but in light of Topps losing their licensing agreement with MLB, it appears termination was preferable.   https://t.co/m5St5kbK19"
95,2021-08-19 17:33:20,PSTH,Does anyone else find it weird that Pershing Square Tontine $PSTH and @BillAckman are being sued for a deal that's not even happening? Read on to understand the real reasons behind it. #SPAC    https://t.co/k9SSGcZfZB
96,2021-08-18 17:31:39,IPVF,"Deal Announcement #2  InterPrivate III Financial Partners Inc $IPVF to combine with Aspiration Partners which ""offers an ecosystem of sustainable banking services, credit cards, &amp; investment products that help customers keep deposits out of fossil fuels   https://t.co/eq4zLO3BlT"
97,2021-08-18 17:05:16,ADF,"Deal Announcment  Aldel Financial Inc. $ADF to combine with Hagerty, ""an automotive enthusiast brand offering a specialty automotive insurance platform built upon a membership organization for car lovers"", for $3.13 bn. #SPAC    https://t.co/bZ8zVJzzp3"
98,2021-08-17 17:55:31,TWND,Tailwind Acquisition Corp. $TWND and QOMPLEX mutually terminate business combination agreement. Their vote was to be held today. #SPAC    https://t.co/HC3Z360m0F
99,2021-08-16 16:27:23,SLCR,Deal Announcement!  Silver Crest Acquisition Corp $SLCR to combine with Tim Horton's for an enterprise value of $1.8bn.   https://t.co/Tfj0G9Csje
100,2021-08-13 21:26:10,GRNV,"As I mentioned below...volatile.  $GRNV now at $23, up 180%.  Be careful though because once rights shares are delivered to accounts, the price should come down."
101,2021-08-13 17:25:42,MTAC,Medtech Acquisition Corp. $MTAC to combine with Memic Innovative Surgery for an equity value of $1 billion.  https://t.co/0gse8h34mr
102,2021-08-13 17:20:31,GRNV,Greenvision $GRNV and Helbiz closed their combination but they're going to have a very low float (at least temporarily).  Watch for volatility in the stock.     https://t.co/qIQXz1FN3R
103,2021-08-12 16:29:38,FRSG,Deal Announcement!  And it's another EV Charger!  First Reserve Sustainable Growth Corp. $FRSG to combine with EO Charging for $675 enterprise value. #SPAC    https://t.co/mOgx6NPip8
104,2021-08-11 21:53:44,SRAC,Stable Road $SRAC shareholder approve combo with Momentus and only ~20% of shareholder redeemed   https://t.co/5eDOnp9XSc
105,2021-08-11 16:59:02,EUSG,"Deal Announcement  European Sustainable Growth $EUSG to combine with ADS-TEC Energy GmbH, "" a global leader in battery buffered ultrafast charging technology"" for an equity value of $580 million.   https://t.co/gK8LAW7pW7"
106,2021-08-10 18:59:24,DKNG,"As a follow up to yesterday's $DKNG / $GNOG double SPAC action, the 3 Rocket Lab launches ( $VACQ) are for their client Black Sky, which is launching 6 satellites. Black Sky is the intended combo of Osprey Technology $SFTW. Another double dose of SPACs partnering #SPACclub üöÄüöÄüöÄ"
107,2021-08-10 18:59:24,GNOG,"As a follow up to yesterday's $DKNG / $GNOG double SPAC action, the 3 Rocket Lab launches ( $VACQ) are for their client Black Sky, which is launching 6 satellites. Black Sky is the intended combo of Osprey Technology $SFTW. Another double dose of SPACs partnering #SPACclub üöÄüöÄüöÄ"
108,2021-08-10 18:59:24,VACQ,"As a follow up to yesterday's $DKNG / $GNOG double SPAC action, the 3 Rocket Lab launches ( $VACQ) are for their client Black Sky, which is launching 6 satellites. Black Sky is the intended combo of Osprey Technology $SFTW. Another double dose of SPACs partnering #SPACclub üöÄüöÄüöÄ"
109,2021-08-10 18:59:24,SFTW,"As a follow up to yesterday's $DKNG / $GNOG double SPAC action, the 3 Rocket Lab launches ( $VACQ) are for their client Black Sky, which is launching 6 satellites. Black Sky is the intended combo of Osprey Technology $SFTW. Another double dose of SPACs partnering #SPACclub üöÄüöÄüöÄ"
110,2021-08-10 17:44:41,ENVI,"Deal Announcement #2  Environmental Impact Acq. Corp. $ENVI to combine with Greenlight Biosciences, a ""a biotechnology company dedicated to making ribonucleic acid (RNA) products affordable and accessible for human health and agriculture"" for $1.2 bn EV   https://t.co/6PS2TyP2U2"
111,2021-08-10 17:41:36,VACQ,"üöÄüöÄüöÄ If you like rockets, Rocket Labs, which is combining with Vector Acquisition Corp. $VACQ, has three back-to-back launches scheduled starting in late August through September.     https://t.co/ukolkQt43T"
112,2021-08-10 16:53:54,ASAX,"Deal Announcement  Astrea Acquisition Corp. $ASAX to combine with HotelPlanner, a hotel and event booking technology platform, and  https://t.co/bpr7gQyxFB, a premier online travel agency, for an EV of $567 million.   https://t.co/usypsnED5m"
113,2021-08-09 17:51:59,MCMJ,"Deal Announcement #2  Merida Merger Corp. I $MCMJ to combine with Leafly, a ""a content-first, community-driven, three-sided marketplace that attracts the world's largest cannabis audience"" for an enterprise value of $385M   https://t.co/oraBfaU7JI"
114,2021-08-09 17:18:32,DKNG,DraftKings $DKNG to buy Golden Nugget Online $GNOG for $1.56 bn in an all-stock transaction.  Two de-SPACs combining! #SPAC   https://t.co/LwBNgtChIw
115,2021-08-09 17:18:32,GNOG,DraftKings $DKNG to buy Golden Nugget Online $GNOG for $1.56 bn in an all-stock transaction.  Two de-SPACs combining! #SPAC   https://t.co/LwBNgtChIw
116,2021-08-06 16:47:32,MCAQ,"Friday's Top 3 SPAC Targets is out now!  This week's focus is on AdTech, which has been a hot sector lately with $MCAQ recently announcing it's deal with Adtheorent. Give it a read to see what other companies might be in play @SPAC_Sozzi @ClaytonNicholas    https://t.co/5DUQToCIOA"
117,2021-08-06 16:39:18,CMLT,"Deal Announcement!  CM Life Sciences III $CMLT to combine with EQRx, ""a pharmaceutical company committed to developing and delivering important new medicines to patients at radically lower prices"" for $3.65 billion EV.   https://t.co/B7gMCm0lMj"
118,2021-08-05 18:23:34,GCAC,"Deal Announcement!  Growth Capital Acquisition Corp $GCAC to combine with Cepton, a maker of ""high performance MMT¬Æ lidar solutions"", for $1.5 billion.   https://t.co/2NYLzkWAI4"
119,2021-08-04 16:47:50,FTAA,"Deal Announcement  FTAC Athena $FTAA to combine with Pico, a Provider of Technology Solutions for the Global Financial Markets Community, for $1.4 billion   https://t.co/42Wi1SM356"
120,2021-08-03 01:41:31,VPCB,"Later afternoon deal announcement!  VPC Impact Acquisition Holdings II $VPCB to combine with Kredivo, an AI-enabled digital consumer credit platform in Southeast Asia, for an EV of $2.5 bn.   https://t.co/zPLBSav71x"
121,2021-08-02 18:57:37,YSAC,"Late morning deal announcement!  Yellowstone Acquisition Company $YSAC to combine with Sky Harbour, a developer of private aviation infrastructure, for an implied equity value of $777 million   https://t.co/xToUBNsx76"
122,2021-08-20 21:55:49,BBIG,$BBIG 08/20 09:23 AM ZING BBIG EXCLUSIVE: Zash Chair Calls $5B Valuation For Lomotif 'Conservative'
123,2021-08-18 18:42:50,PMCB,Watch $PMCB for a flush
124,2021-08-17 18:58:44,VRPX,Watch $VRPX for a flush too
125,2021-08-22 07:25:13,CROX,"$CROX your favorite shoes, $147.41 is your next triggerm just a matter of time, go and and get a pair, it'll rise faster !  https://t.co/MbJ1QUpFVH"
126,2021-08-22 05:11:52,WEN,@DRBLUECHIP Wheres the beef? $WEN
127,2021-08-22 04:48:21,DPZ,"@DRBLUECHIP Steering wheel looks like half a $DPZ pizza. Either that, or Im just hungryüçï"
128,2021-08-22 03:43:50,NVDA,"Excellent visual on $NVDA from @CasualtyWar , good eye, guy.  https://t.co/q4VXRCyOpi"
129,2021-08-22 02:51:02,EBAY,"@commandenteSD Thanks to your $EBAY account, it now is! Thanks bruddah !"
130,2021-08-21 23:50:44,REAL,Im goin' in! $REAL #Melrose #channelcheck  https://t.co/I02zVAqWUy
131,2021-08-21 21:47:27,ARKR,$ARKR $SWAV and $MRNA are #stocks numbers 2 thru 4 on this weeks Top 50 list. Which stock is #1 going into next week?
132,2021-08-21 21:47:27,SWAV,$ARKR $SWAV and $MRNA are #stocks numbers 2 thru 4 on this weeks Top 50 list. Which stock is #1 going into next week?
133,2021-08-21 21:47:27,MRNA,$ARKR $SWAV and $MRNA are #stocks numbers 2 thru 4 on this weeks Top 50 list. Which stock is #1 going into next week?
134,2021-08-21 00:13:01,NVDA,$NVDA R U ready to rumble?  https://t.co/qjZg4xYaNn
135,2021-08-20 23:02:25,AAPL,"$AAPL out for just about 50% loss. Rules are rules, now going to wait with #patience for a break higher witha trigger of ""X""  https://t.co/M4xqeLjzzq"
136,2021-08-20 21:10:34,NVDA,$NVDA $208.50 should do it #patience  #TrainTheEye  https://t.co/2cSgZL6bLc
137,2021-08-20 19:45:51,UNH,Sold more $UNH $422.5Cs at $10.50 from $3.25 and $3.65 for better than 200% in less than a week  https://t.co/s0axkDSeLh
138,2021-08-20 19:34:05,UNH,$UNH day 2
139,2021-08-20 19:31:14,FUTU,$FUTU üëÄüëÄ
140,2021-08-20 01:12:00,UNH,"Boooom, did YOU pay attention ? $UNH"
141,2021-08-19 23:50:00,M,$M #superlotto trade eaier over @MalibuPrivate !  https://t.co/31ZP1M0gvO
142,2021-08-19 21:55:21,HOOD,$HOOD winked?  Aug20th $45Cs over 5000 alreadyüëÄüëÄ
143,2021-08-18 00:53:32,UNH,Don't know about chu' but $UNH quietly working on a quadruple top breakout. See it?  https://t.co/r23yyg7qo5
144,2021-08-17 23:56:37,AAPL,"$AAPL Aug20th  $150Cs about 180,000 of them near $1.4 Thats a HUGE #superlotto position/bet"
145,2021-08-17 19:50:09,UPST,"$UPST day 2 of ""rest"""
146,2021-08-17 19:49:31,UNH,$UNH @MintDragon_ has already mastered  #TrainTheEye  https://t.co/1rZR4MPVjk
147,2021-08-17 19:46:29,UNH,$UNH ready  https://t.co/Ntzt319q9b
148,2021-08-17 19:46:08,SPY,"$SPY Aug27th $448 C over 50,000 just went thru #bullish bet"
149,2021-08-17 19:09:17,AAPL,"$AAPL red to green? If so, can move entire market"
150,2021-08-17 08:00:13,AAPL,$AAPL after hours  ü§´  https://t.co/RHtbgGYwvV
151,2021-08-17 07:51:49,RL,"@GreekTrader777 Funny, that's what I thought when going long $RL and $LVYMH with the ex. üòÜ"
152,2021-08-17 07:51:49,LVYMH,"@GreekTrader777 Funny, that's what I thought when going long $RL and $LVYMH with the ex. üòÜ"
153,2021-08-17 06:08:35,UNH,$UNH brought to my attenton by @MintDragon_ he has mastered  #TrainTheEye  technical buy almost upon us  https://t.co/UhDFoWcFYZ
154,2021-08-17 00:16:28,AAPL,$AAPL NHOD
155,2021-08-16 23:09:21,AAPL,"$AAPL 1st time today through $150 wasnt the charm, maybe 2nd time is üòò  https://t.co/jjeAg51pKb"
156,2021-08-16 23:01:05,COST,$COST co Boom Boom +$4.50 today
157,2021-08-16 21:48:24,AAPL,$AAPL green to red..to green?
158,2021-08-16 20:44:54,AAPL,"‚¨áÔ∏èMe think more to come to upside, great trade ! $AAPL"
159,2021-08-16 05:41:43,AAPL,"$AAPL has been doing the horizontal mambo for exactly a month. #TrainTheEye for breakout, which looks imminent.  https://t.co/52gf3DaNIj"
160,2021-08-16 02:59:57,CVNA,$CVNA Carvana been strong almost 2 years now  https://t.co/bpckLs86XK  https://t.co/Jtj7punovy
161,2021-08-16 01:53:38,APPL,"$APPL technically speaking, set up to break higher above $150 any day now. Fundamentally however, a bigger issue is brewing.  https://t.co/tBlCa2jPCA"
162,2021-08-16 01:34:39,COST,@SpreadsRock long $COST
163,2021-08-15 23:37:48,COST,"$COST #ManhattanBeach 1020am, mobbed, 20 min after opening.  https://t.co/T5e8tCNAtf"
164,2021-08-15 10:24:49,SOFI,"The fans treated it lime a playoff game. Me? Just enjoyed being one of the 1st peeps ever here. Indoor/Outdoor $SOFI stadium, pretty darn cool. See you next time. üòò  https://t.co/ywtJZ5WjdU"
165,2021-08-15 08:33:34,SOFI,Welcome to $SOFI stadium !  https://t.co/OXlQEvBKLn
166,2021-08-15 04:18:14,NVDA,More big name earnings coming this week that Im keeping an eye on; $NVDA $WMT $TGT $HD $RBLX $AMAT $UWMC $NIU $LOW $RAIL $CSCO $M $TJX $DE $OEG $KSS $POWW $BILI  $ZIM $A $EL $ADI $GRUB $DQ $FUV $FL $EAT
167,2021-08-15 04:18:14,WMT,More big name earnings coming this week that Im keeping an eye on; $NVDA $WMT $TGT $HD $RBLX $AMAT $UWMC $NIU $LOW $RAIL $CSCO $M $TJX $DE $OEG $KSS $POWW $BILI  $ZIM $A $EL $ADI $GRUB $DQ $FUV $FL $EAT
168,2021-08-15 04:18:14,TGT,More big name earnings coming this week that Im keeping an eye on; $NVDA $WMT $TGT $HD $RBLX $AMAT $UWMC $NIU $LOW $RAIL $CSCO $M $TJX $DE $OEG $KSS $POWW $BILI  $ZIM $A $EL $ADI $GRUB $DQ $FUV $FL $EAT
169,2021-08-15 04:18:14,HD,More big name earnings coming this week that Im keeping an eye on; $NVDA $WMT $TGT $HD $RBLX $AMAT $UWMC $NIU $LOW $RAIL $CSCO $M $TJX $DE $OEG $KSS $POWW $BILI  $ZIM $A $EL $ADI $GRUB $DQ $FUV $FL $EAT
170,2021-08-15 04:18:14,RBLX,More big name earnings coming this week that Im keeping an eye on; $NVDA $WMT $TGT $HD $RBLX $AMAT $UWMC $NIU $LOW $RAIL $CSCO $M $TJX $DE $OEG $KSS $POWW $BILI  $ZIM $A $EL $ADI $GRUB $DQ $FUV $FL $EAT
171,2021-08-15 04:18:14,AMAT,More big name earnings coming this week that Im keeping an eye on; $NVDA $WMT $TGT $HD $RBLX $AMAT $UWMC $NIU $LOW $RAIL $CSCO $M $TJX $DE $OEG $KSS $POWW $BILI  $ZIM $A $EL $ADI $GRUB $DQ $FUV $FL $EAT
172,2021-08-15 04:18:14,UWMC,More big name earnings coming this week that Im keeping an eye on; $NVDA $WMT $TGT $HD $RBLX $AMAT $UWMC $NIU $LOW $RAIL $CSCO $M $TJX $DE $OEG $KSS $POWW $BILI  $ZIM $A $EL $ADI $GRUB $DQ $FUV $FL $EAT
173,2021-08-15 04:18:14,NIU,More big name earnings coming this week that Im keeping an eye on; $NVDA $WMT $TGT $HD $RBLX $AMAT $UWMC $NIU $LOW $RAIL $CSCO $M $TJX $DE $OEG $KSS $POWW $BILI  $ZIM $A $EL $ADI $GRUB $DQ $FUV $FL $EAT
174,2021-08-15 04:18:14,LOW,More big name earnings coming this week that Im keeping an eye on; $NVDA $WMT $TGT $HD $RBLX $AMAT $UWMC $NIU $LOW $RAIL $CSCO $M $TJX $DE $OEG $KSS $POWW $BILI  $ZIM $A $EL $ADI $GRUB $DQ $FUV $FL $EAT
175,2021-08-15 04:18:14,RAIL,More big name earnings coming this week that Im keeping an eye on; $NVDA $WMT $TGT $HD $RBLX $AMAT $UWMC $NIU $LOW $RAIL $CSCO $M $TJX $DE $OEG $KSS $POWW $BILI  $ZIM $A $EL $ADI $GRUB $DQ $FUV $FL $EAT
176,2021-08-15 04:18:14,CSCO,More big name earnings coming this week that Im keeping an eye on; $NVDA $WMT $TGT $HD $RBLX $AMAT $UWMC $NIU $LOW $RAIL $CSCO $M $TJX $DE $OEG $KSS $POWW $BILI  $ZIM $A $EL $ADI $GRUB $DQ $FUV $FL $EAT
177,2021-08-15 04:18:14,M,More big name earnings coming this week that Im keeping an eye on; $NVDA $WMT $TGT $HD $RBLX $AMAT $UWMC $NIU $LOW $RAIL $CSCO $M $TJX $DE $OEG $KSS $POWW $BILI  $ZIM $A $EL $ADI $GRUB $DQ $FUV $FL $EAT
178,2021-08-15 04:18:14,TJX,More big name earnings coming this week that Im keeping an eye on; $NVDA $WMT $TGT $HD $RBLX $AMAT $UWMC $NIU $LOW $RAIL $CSCO $M $TJX $DE $OEG $KSS $POWW $BILI  $ZIM $A $EL $ADI $GRUB $DQ $FUV $FL $EAT
179,2021-08-15 04:18:14,DE,More big name earnings coming this week that Im keeping an eye on; $NVDA $WMT $TGT $HD $RBLX $AMAT $UWMC $NIU $LOW $RAIL $CSCO $M $TJX $DE $OEG $KSS $POWW $BILI  $ZIM $A $EL $ADI $GRUB $DQ $FUV $FL $EAT
180,2021-08-15 04:18:14,OEG,More big name earnings coming this week that Im keeping an eye on; $NVDA $WMT $TGT $HD $RBLX $AMAT $UWMC $NIU $LOW $RAIL $CSCO $M $TJX $DE $OEG $KSS $POWW $BILI  $ZIM $A $EL $ADI $GRUB $DQ $FUV $FL $EAT
181,2021-08-15 04:18:14,KSS,More big name earnings coming this week that Im keeping an eye on; $NVDA $WMT $TGT $HD $RBLX $AMAT $UWMC $NIU $LOW $RAIL $CSCO $M $TJX $DE $OEG $KSS $POWW $BILI  $ZIM $A $EL $ADI $GRUB $DQ $FUV $FL $EAT
182,2021-08-15 04:18:14,POWW,More big name earnings coming this week that Im keeping an eye on; $NVDA $WMT $TGT $HD $RBLX $AMAT $UWMC $NIU $LOW $RAIL $CSCO $M $TJX $DE $OEG $KSS $POWW $BILI  $ZIM $A $EL $ADI $GRUB $DQ $FUV $FL $EAT
183,2021-08-15 04:18:14,BILI,More big name earnings coming this week that Im keeping an eye on; $NVDA $WMT $TGT $HD $RBLX $AMAT $UWMC $NIU $LOW $RAIL $CSCO $M $TJX $DE $OEG $KSS $POWW $BILI  $ZIM $A $EL $ADI $GRUB $DQ $FUV $FL $EAT
184,2021-08-15 04:18:14,ZIM,More big name earnings coming this week that Im keeping an eye on; $NVDA $WMT $TGT $HD $RBLX $AMAT $UWMC $NIU $LOW $RAIL $CSCO $M $TJX $DE $OEG $KSS $POWW $BILI  $ZIM $A $EL $ADI $GRUB $DQ $FUV $FL $EAT
185,2021-08-15 04:18:14,A,More big name earnings coming this week that Im keeping an eye on; $NVDA $WMT $TGT $HD $RBLX $AMAT $UWMC $NIU $LOW $RAIL $CSCO $M $TJX $DE $OEG $KSS $POWW $BILI  $ZIM $A $EL $ADI $GRUB $DQ $FUV $FL $EAT
186,2021-08-15 04:18:14,EL,More big name earnings coming this week that Im keeping an eye on; $NVDA $WMT $TGT $HD $RBLX $AMAT $UWMC $NIU $LOW $RAIL $CSCO $M $TJX $DE $OEG $KSS $POWW $BILI  $ZIM $A $EL $ADI $GRUB $DQ $FUV $FL $EAT
187,2021-08-15 04:18:14,ADI,More big name earnings coming this week that Im keeping an eye on; $NVDA $WMT $TGT $HD $RBLX $AMAT $UWMC $NIU $LOW $RAIL $CSCO $M $TJX $DE $OEG $KSS $POWW $BILI  $ZIM $A $EL $ADI $GRUB $DQ $FUV $FL $EAT
188,2021-08-15 04:18:14,GRUB,More big name earnings coming this week that Im keeping an eye on; $NVDA $WMT $TGT $HD $RBLX $AMAT $UWMC $NIU $LOW $RAIL $CSCO $M $TJX $DE $OEG $KSS $POWW $BILI  $ZIM $A $EL $ADI $GRUB $DQ $FUV $FL $EAT
189,2021-08-15 04:18:14,DQ,More big name earnings coming this week that Im keeping an eye on; $NVDA $WMT $TGT $HD $RBLX $AMAT $UWMC $NIU $LOW $RAIL $CSCO $M $TJX $DE $OEG $KSS $POWW $BILI  $ZIM $A $EL $ADI $GRUB $DQ $FUV $FL $EAT
190,2021-08-15 04:18:14,FUV,More big name earnings coming this week that Im keeping an eye on; $NVDA $WMT $TGT $HD $RBLX $AMAT $UWMC $NIU $LOW $RAIL $CSCO $M $TJX $DE $OEG $KSS $POWW $BILI  $ZIM $A $EL $ADI $GRUB $DQ $FUV $FL $EAT
191,2021-08-15 04:18:14,FL,More big name earnings coming this week that Im keeping an eye on; $NVDA $WMT $TGT $HD $RBLX $AMAT $UWMC $NIU $LOW $RAIL $CSCO $M $TJX $DE $OEG $KSS $POWW $BILI  $ZIM $A $EL $ADI $GRUB $DQ $FUV $FL $EAT
192,2021-08-15 04:18:14,EAT,More big name earnings coming this week that Im keeping an eye on; $NVDA $WMT $TGT $HD $RBLX $AMAT $UWMC $NIU $LOW $RAIL $CSCO $M $TJX $DE $OEG $KSS $POWW $BILI  $ZIM $A $EL $ADI $GRUB $DQ $FUV $FL $EAT
193,2021-08-15 03:03:22,MRNA,"$MRNA $NVAX $PFE $BNTX $JNJ $AZN etc, not just fads anymore."
194,2021-08-15 03:03:22,NVAX,"$MRNA $NVAX $PFE $BNTX $JNJ $AZN etc, not just fads anymore."
195,2021-08-15 03:03:22,PFE,"$MRNA $NVAX $PFE $BNTX $JNJ $AZN etc, not just fads anymore."
196,2021-08-15 03:03:22,BNTX,"$MRNA $NVAX $PFE $BNTX $JNJ $AZN etc, not just fads anymore."
197,2021-08-15 03:03:22,JNJ,"$MRNA $NVAX $PFE $BNTX $JNJ $AZN etc, not just fads anymore."
198,2021-08-15 03:03:22,AZN,"$MRNA $NVAX $PFE $BNTX $JNJ $AZN etc, not just fads anymore."
199,2021-08-15 02:56:45,ATKR,"$ATKR $INMD and $FRHC are IBD's #1, #2 and #4 on the IBD Top50. What's this weeks #3?"
200,2021-08-15 02:56:45,INMD,"$ATKR $INMD and $FRHC are IBD's #1, #2 and #4 on the IBD Top50. What's this weeks #3?"
201,2021-08-15 02:56:45,FRHC,"$ATKR $INMD and $FRHC are IBD's #1, #2 and #4 on the IBD Top50. What's this weeks #3?"
202,2021-08-14 23:23:18,UPST,More on $UPST  https://t.co/JwR7P0Go6S
203,2021-08-22 02:00:47,MSFT,$MSFT Weekly with a huge move higher right to the top of the range. üéØ  https://t.co/7s8XerhMPy
204,2021-08-21 23:44:55,BTC,"$BTC Retesting the breakout level, a bounce here could push it above 50K.  https://t.co/2POsI0GERa"
205,2021-08-21 02:31:24,MSFT,"$MSFT Sweepers set the tone right out of the gate this morning, these ran all the way to $5.97 !!  https://t.co/hQBlgANbuk"
206,2021-08-21 02:06:01,AMZN,The Results! #LottoFriday   $AMZN 3170P | 3.31 to 6.6 (+99%) $CHWY 88P | .35 to 1.71 (+388%) $FB Failed $SHOP 1450P | 4.1 to 14 (+241%) $SNAP Failed  Cheers and HAGW! üçª
207,2021-08-21 02:06:01,CHWY,The Results! #LottoFriday   $AMZN 3170P | 3.31 to 6.6 (+99%) $CHWY 88P | .35 to 1.71 (+388%) $FB Failed $SHOP 1450P | 4.1 to 14 (+241%) $SNAP Failed  Cheers and HAGW! üçª
208,2021-08-21 02:06:01,FB,The Results! #LottoFriday   $AMZN 3170P | 3.31 to 6.6 (+99%) $CHWY 88P | .35 to 1.71 (+388%) $FB Failed $SHOP 1450P | 4.1 to 14 (+241%) $SNAP Failed  Cheers and HAGW! üçª
209,2021-08-21 02:06:01,SHOP,The Results! #LottoFriday   $AMZN 3170P | 3.31 to 6.6 (+99%) $CHWY 88P | .35 to 1.71 (+388%) $FB Failed $SHOP 1450P | 4.1 to 14 (+241%) $SNAP Failed  Cheers and HAGW! üçª
210,2021-08-21 02:06:01,SNAP,The Results! #LottoFriday   $AMZN 3170P | 3.31 to 6.6 (+99%) $CHWY 88P | .35 to 1.71 (+388%) $FB Failed $SHOP 1450P | 4.1 to 14 (+241%) $SNAP Failed  Cheers and HAGW! üçª
211,2021-08-20 22:08:29,MSFT,$MSFT Rounding on the 5 min.  https://t.co/Xj8iAiBl1o
212,2021-08-20 21:25:57,SHOP,$SHOP Breaking lower.  https://t.co/HSjtLMA4fI
213,2021-08-20 21:18:17,SHOP,"$SHOP Breakdown and retest. Now forming a bear flag, the recipe is there for a flush!  https://t.co/YEn7tTvS6w"
214,2021-08-20 19:56:56,CHWY,$CHWY Nice quick flush. Taking the money and running here at the second blue target. Doggo is getting a new bone today!  https://t.co/Wz2yrSJHnW
215,2021-08-20 19:49:57,SNAP,$SNAP Pushing above DTL.  https://t.co/y6SitRTeOz
216,2021-08-20 19:44:53,MSFT,$MSFT 305C getting hit. Don't forget to push stops and protect those gains!  https://t.co/h7OHdDTpES
217,2021-08-20 19:39:32,MSFT,$MSFT Welcome to the 300 club üòé  https://t.co/btRh5NiJ1M
218,2021-08-20 19:19:08,MSFT,$MSFT 0 DTE 300C Flow.  https://t.co/ppHlzqqeO7
219,2021-08-20 03:33:02,AMZN,DISCLAIMER: HIGH RISK #LottoFriday  Keep bets small. Book gains fast.  $AMZN 3220C &gt;3200 | 3170P &lt;3182.46 $CHWY 92C &gt;90.75 | 88P &lt;89.36 $FB 360C &gt;357.57 | 350P &lt;351 $SHOP 1490C &gt;1478 | 1450P &lt;1455.94 $SNAP 73C &gt;72.55 | 69P &lt;69.9  Good luck! üé≤  https://t.co/sX2bqlcu5d
220,2021-08-20 03:33:02,CHWY,DISCLAIMER: HIGH RISK #LottoFriday  Keep bets small. Book gains fast.  $AMZN 3220C &gt;3200 | 3170P &lt;3182.46 $CHWY 92C &gt;90.75 | 88P &lt;89.36 $FB 360C &gt;357.57 | 350P &lt;351 $SHOP 1490C &gt;1478 | 1450P &lt;1455.94 $SNAP 73C &gt;72.55 | 69P &lt;69.9  Good luck! üé≤  https://t.co/sX2bqlcu5d
221,2021-08-20 03:33:02,FB,DISCLAIMER: HIGH RISK #LottoFriday  Keep bets small. Book gains fast.  $AMZN 3220C &gt;3200 | 3170P &lt;3182.46 $CHWY 92C &gt;90.75 | 88P &lt;89.36 $FB 360C &gt;357.57 | 350P &lt;351 $SHOP 1490C &gt;1478 | 1450P &lt;1455.94 $SNAP 73C &gt;72.55 | 69P &lt;69.9  Good luck! üé≤  https://t.co/sX2bqlcu5d
222,2021-08-20 03:33:02,SHOP,DISCLAIMER: HIGH RISK #LottoFriday  Keep bets small. Book gains fast.  $AMZN 3220C &gt;3200 | 3170P &lt;3182.46 $CHWY 92C &gt;90.75 | 88P &lt;89.36 $FB 360C &gt;357.57 | 350P &lt;351 $SHOP 1490C &gt;1478 | 1450P &lt;1455.94 $SNAP 73C &gt;72.55 | 69P &lt;69.9  Good luck! üé≤  https://t.co/sX2bqlcu5d
223,2021-08-20 03:33:02,SNAP,DISCLAIMER: HIGH RISK #LottoFriday  Keep bets small. Book gains fast.  $AMZN 3220C &gt;3200 | 3170P &lt;3182.46 $CHWY 92C &gt;90.75 | 88P &lt;89.36 $FB 360C &gt;357.57 | 350P &lt;351 $SHOP 1490C &gt;1478 | 1450P &lt;1455.94 $SNAP 73C &gt;72.55 | 69P &lt;69.9  Good luck! üé≤  https://t.co/sX2bqlcu5d
224,2021-08-19 21:32:04,AAPL,$AAPL Caught a bid right at support.  https://t.co/Xw1TyjIvGk
225,2021-08-19 19:38:14,BABA,$BABA TRIPLE THREAT  https://t.co/AG3nZNnH2f
226,2021-08-19 19:32:16,SPY,$SPY Gap filled.  https://t.co/ylBrwQ7T0x
227,2021-08-19 03:26:47,SPY,Pairs trade update:  $SPY 19NOV21 377P = $4.38 $VIX 17NOV21 25C = $3.9  1 Day Gain: $3.68M  **Trade is still open**
228,2021-08-19 03:26:47,VIX,Pairs trade update:  $SPY 19NOV21 377P = $4.38 $VIX 17NOV21 25C = $3.9  1 Day Gain: $3.68M  **Trade is still open**
229,2021-08-19 01:35:23,SPY,$SPY Each time we lose the 21 the 50 seems soon to follow.  https://t.co/kSBGRkbise
230,2021-08-18 22:11:16,PLTR,$PLTR GIDDY-UP!  https://t.co/rNf9DNCf5V
231,2021-08-18 22:09:19,SNAP,"$SNAP Pushing above a key level here, looking for continuation up towards ~74  https://t.co/cS2RTNRQQA"
232,2021-08-18 21:16:00,MSFT,$MSFT Nice look on 5 min.  https://t.co/PjWBBEvxHA
233,2021-08-18 20:59:37,AAPL,$AAPL BULLETS üí•  https://t.co/9qIJxBIayA
234,2021-08-18 20:57:03,AAPL,"$AAPL Sweeper Alert üçé  6,179 x 17SEP21 155C = $1.05M  Premium: $1.7 (ASKSIDE)  Spot: 148.61"
235,2021-08-18 20:28:07,RBLX,"$RBLX Talk about a retest! Coming up to that tricky spot at the 50 SMA again, lets see if it can get through this time.  https://t.co/VIbtG4dxf2"
236,2021-08-18 20:13:53,SNAP,$SNAP BULLETS üí•  https://t.co/sscnhLBXmW
237,2021-08-18 20:08:57,PLTR,$PLTR Put/Call: 19.4K/90.1K  https://t.co/P3EbrZjIqW
238,2021-08-18 20:02:50,AMZN,"$AMZN Dark Pool Print @ 3227.00   60,000 shares = $193M  https://t.co/xxcub8prTM"
239,2021-08-18 19:32:03,PFE,$PFE Non-stop bull flow.  https://t.co/S9dgtAP7em
240,2021-08-18 19:19:49,TSM,$TSM BULLETS üí•  https://t.co/UzGZvyjtvx
241,2021-08-18 03:20:01,SNAP,"$SNAP Former resistance is now support?   This sweeper seems to think so. Very good looking flow today from what appears to be a single party, over $4M worth swept in less then 2 minutes.  https://t.co/B2NRBnttbh"
242,2021-08-18 00:57:51,CRWD,$CRWD Interesting spot.  https://t.co/H4IYjOrum4
243,2021-08-18 00:48:30,CRWD,$CRWD BULLETS üí•  https://t.co/mebCHZzwzd
244,2021-08-17 22:00:18,AAPL,$AAPL Retesting the breakout level. 150 is a key spot for the bulls to hold.  https://t.co/6mYSg63tl2
245,2021-08-17 20:46:43,SPY,$SPY &amp; $VIX Quite the pairs trade.  https://t.co/OQxVbZ1dWn
246,2021-08-17 20:46:43,VIX,$SPY &amp; $VIX Quite the pairs trade.  https://t.co/OQxVbZ1dWn
247,2021-08-17 09:30:18,FB,"$FB Slight undercut, but finding support at the prior supply level. This morning bull sweepers added on the way down and kept buying all the way back up.  https://t.co/huvtRVBq1t"
248,2021-08-17 09:13:09,GOOGL,$GOOGL Tell-tale sign of a fund gobbling up cheap delta and immediate exposure for the next leg higher..  https://t.co/QDjd0ukOYR
249,2021-08-17 08:58:27,SHOP,"$SHOP ""It aint over till the fat lady sings,"" but Shopify is starting to get that Diamond Top look to it. Loss of the 50 SMA might be the catalyst.  https://t.co/SmL6TYPY3H"
250,2021-08-17 08:43:21,MU,$MU Keep an eye on Micron to possibly start catching some bids at this level.  https://t.co/MCdy0CjM0T
251,2021-08-17 04:50:53,AAPL,$AAPL Last week we saw them sweeping the SEP 150C aggressively. Today they absolutely tattooed the SEP 155C showing they want exposure at higher up strikes.  https://t.co/Qn6vw3yBxe
252,2021-08-17 04:50:52,AAPL,$AAPL Breakout retest and continuation higher.  Bullish engulfing candle closing at an ATH on higher relative volume as MACD gets ready to cross bullish. I see a lot to like here!  https://t.co/xt8iiOEK9Q
253,2021-08-17 00:47:14,FB,"$FB Level to level today, now pushing above the call trigger. They are starting to sweep this weeks 370C's  https://t.co/Wl6eX9Rs4b"
254,2021-08-17 00:25:44,MSFT,$MSFT Perfect retest and bounce at the breakout level.  https://t.co/vgzxN63w87
255,2021-08-16 23:41:54,GOOGL,$GOOGL HEAT SEEKING üí£  https://t.co/CWVTN7hbir
256,2021-08-16 23:37:57,AMZN,$AMZN TRIPLE THREAT ‚ö°Ô∏è  https://t.co/aAmI0rLyu2
257,2021-08-16 23:20:56,AAPL,$AAPL Talk about a rollercoaster! Pushing back above 150 again with bull sweepers stepping on the  gas.  https://t.co/Ow6oPXDirG
258,2021-08-16 22:10:41,V,$V Turning up right at a long term support trendline. Sweepers are bullish.  https://t.co/lTFe8XanhE
259,2021-08-16 20:29:22,QQQ,"$QQQ Sweeper Alert üßπ  4,488 x 15OCT21 348P = $2.89M  Premium: $6.44 (ABOVE ASK)  Spot: 364.14"
260,2021-08-16 19:48:44,QQQ,"$QQQ Leading us lower, losing trendline support.  https://t.co/CuD68AFQdm"
261,2021-08-16 19:11:00,AAPL,$AAPL $150+ üçé  Put/Call: 51K/210K
262,2021-08-16 07:34:17,AAPL,TW #FocusList üõ∞Ô∏è  $AAPL Calls &gt;150 | Puts &lt;148.04 $FB Calls &gt;365.78 | Puts &lt;357.11 $PENN Calls &gt;74.87 | Puts &lt;68.11 $PLTR Calls &gt;25.76 | Puts &lt;23.59 $TSLA Calls &gt;730 | Puts &lt;697.63 $QQQ Calls &gt;369.91 | Puts &lt;367.38  Good luck traders!  https://t.co/aEplr7iQ6e
263,2021-08-16 07:34:17,FB,TW #FocusList üõ∞Ô∏è  $AAPL Calls &gt;150 | Puts &lt;148.04 $FB Calls &gt;365.78 | Puts &lt;357.11 $PENN Calls &gt;74.87 | Puts &lt;68.11 $PLTR Calls &gt;25.76 | Puts &lt;23.59 $TSLA Calls &gt;730 | Puts &lt;697.63 $QQQ Calls &gt;369.91 | Puts &lt;367.38  Good luck traders!  https://t.co/aEplr7iQ6e
264,2021-08-16 07:34:17,PENN,TW #FocusList üõ∞Ô∏è  $AAPL Calls &gt;150 | Puts &lt;148.04 $FB Calls &gt;365.78 | Puts &lt;357.11 $PENN Calls &gt;74.87 | Puts &lt;68.11 $PLTR Calls &gt;25.76 | Puts &lt;23.59 $TSLA Calls &gt;730 | Puts &lt;697.63 $QQQ Calls &gt;369.91 | Puts &lt;367.38  Good luck traders!  https://t.co/aEplr7iQ6e
265,2021-08-16 07:34:17,PLTR,TW #FocusList üõ∞Ô∏è  $AAPL Calls &gt;150 | Puts &lt;148.04 $FB Calls &gt;365.78 | Puts &lt;357.11 $PENN Calls &gt;74.87 | Puts &lt;68.11 $PLTR Calls &gt;25.76 | Puts &lt;23.59 $TSLA Calls &gt;730 | Puts &lt;697.63 $QQQ Calls &gt;369.91 | Puts &lt;367.38  Good luck traders!  https://t.co/aEplr7iQ6e
266,2021-08-16 07:34:17,TSLA,TW #FocusList üõ∞Ô∏è  $AAPL Calls &gt;150 | Puts &lt;148.04 $FB Calls &gt;365.78 | Puts &lt;357.11 $PENN Calls &gt;74.87 | Puts &lt;68.11 $PLTR Calls &gt;25.76 | Puts &lt;23.59 $TSLA Calls &gt;730 | Puts &lt;697.63 $QQQ Calls &gt;369.91 | Puts &lt;367.38  Good luck traders!  https://t.co/aEplr7iQ6e
267,2021-08-16 07:34:17,QQQ,TW #FocusList üõ∞Ô∏è  $AAPL Calls &gt;150 | Puts &lt;148.04 $FB Calls &gt;365.78 | Puts &lt;357.11 $PENN Calls &gt;74.87 | Puts &lt;68.11 $PLTR Calls &gt;25.76 | Puts &lt;23.59 $TSLA Calls &gt;730 | Puts &lt;697.63 $QQQ Calls &gt;369.91 | Puts &lt;367.38  Good luck traders!  https://t.co/aEplr7iQ6e
268,2021-08-16 00:45:00,MSFT,$MSFT Weekly with potentially more room above towards $300+  https://t.co/VxF5PAWOHC
269,2021-08-15 23:53:04,AAPL,$AAPL Weekly Bull Pennant.  https://t.co/yHdTAVud5h
270,2021-08-15 04:24:18,FUBO,$FUBO Breakout and retest of a very clear DTL. Keep your eyes peeled for a bounce!  https://t.co/chfUOt9UiI
271,2021-08-15 03:43:01,AMAT,$AMAT Weekly huge rejection right at supply. Clearly this pattern has some more backfilling to do before it makes it's move. Bounced right above the rising support trendline.  https://t.co/dkryN2J6T8
